,coefficient,std_error,t_value,p_value,ci_low,ci_high
const,5.367775301923783,0.08480715786427019,63.29389449077696,0.0,5.201527531824328,5.5340230720232375
Total_Transactions,0.019326353221606016,0.03423436424217861,0.564530805505507,0.5724110607138508,-0.04778339151413316,0.08643609795734519
Active_Days,0.007373340538779069,0.034218344732329445,0.2154791704992307,0.8294000387561562,-0.05970500109541092,0.07445168217296906
Loyalty_Points_Earned,0.02056056653259134,0.034222878665467214,0.6007842511897777,0.5480031797746483,-0.04652666298668897,0.08764779605187165
Cashback_Received,-0.07292983415541562,0.0342357884899968,-2.130222126378794,0.033188109987951714,-0.14004237084916646,-0.005817297461664789
Support_Tickets_Raised,-0.009911224230289499,0.03424067435197399,-0.2894576236556542,0.7722397911622643,-0.07703333869647341,0.05721089023589442
Issue_Resolution_Time,0.008160363209626546,0.03422651807783293,0.23842224298333367,0.8115606082763405,-0.05893400066252574,0.07525472708177883
App_Usage_Frequency_Monthly,0.05649724152014361,0.08376152241976392,0.674501129970064,0.5000150804482117,-0.10770076573660013,0.22069524877688734
App_Usage_Frequency_Weekly,0.060624473347809696,0.08384771260571414,0.723030735887698,0.46968519966018096,-0.1037424928338589,0.2249914395294783
Preferred_Payment_Method_Debit Card,0.10135574298880001,0.09718141513397408,1.0429539727227806,0.2970056894279967,-0.0891493271963113,0.2918608131739113
Preferred_Payment_Method_UPI,0.10485436065861241,0.09673853231763314,1.0838944745856967,0.2784489846652767,-0.08478252478258987,0.2944912460998147
Preferred_Payment_Method_Wallet Balance,0.08050534974456758,0.09759122356293641,0.824924074167897,0.40944285537757885,-0.1108030693464461,0.2718137688355813
